vendor,brand,sku,name,price,currency,stock_status,inventory,product_url,image_url,ingredients,description,scraped_at
NaturalSolutions,,,,,USD,outofstock,0,https://naturalsolutionswholesale.com/products/ns-catalog,http://naturalsolutionswholesale.com/cdn/shop/files/ProductCatalogMockup.png?v=1741288785,,"Mon-Thurs: 9 am-5 pm EST Fri: 9 am-12 pm EST 303 N Washington St. Sylvester, GA",2026-10-09 15:37:42
NaturalSolutions,,,Product Information,,USD,outofstock,0,https://naturalsolutionswholesale.com/blogs/product-information,http://naturalsolutionswholesale.com/cdn/shop/files/NSW_TRSPRNT_LOGO_f7567e00-6b1c-4ea2-808c-b9d78a55aa87.png?v=1717099302,,"Regenerative Cell Signaling Nutraceutical (RCS)with Nanostructured Amino Acids Regenerating Cells • Rejuvenating Lives It is a biological fact that the human body will completely regenerate itself, remaking every single...",2026-10-09 15:37:43
Emerson,,,,,USD,instock,1,https://emersonecologics.com/products/detail/Pure-Encapsulations/digestive-enzymes-ultra-180-caps/U3ByZWU6OlByb2R1Y3QtNzAxNzU=/DIG33,https://assets.fullscript.io/Product/PU0680/400_front.png,,"At Emerson Ecologics, every brand meets our elevated quality standards. But we don’t stop there. As an added layer of assurance, select products from popular or problematic categories are subjected to enhanced testing by independent third-party labs to confirm potency and purity claims, giving you more trust in the products you recommend. Brands cannot pay for inclusion in Enhanced Testing or to receive an “Enhanced Testing” badge, ensuring that decisions remain clinically-focused and unbiased.",2026-10-09 15:38:02
Emerson,,,,,USD,instock,1,https://emersonecologics.com/products/detail/Fairhaven-Health/myo-d-chiro-inositol-supplement-for-women/U3ByZWU6OlByb2R1Y3QtOTI5OTY=/F02275,https://assets.fullscript.io/Product/FA0012/400_front.png,,"At Emerson Ecologics, every brand meets our elevated quality standards. But we don’t stop there. As an added layer of assurance, select products from popular or problematic categories are subjected to enhanced testing by independent third-party labs to confirm potency and purity claims, giving you more trust in the products you recommend. Brands cannot pay for inclusion in Enhanced Testing or to receive an “Enhanced Testing” badge, ensuring that decisions remain clinically-focused and unbiased.",2026-10-09 15:38:02
Emerson,,,,,USD,instock,1,https://emersonecologics.com/products/detail/Body-Bio/bodybio-pc-300-softgels/U3ByZWU6OlByb2R1Y3QtNzc3MDE=/B16001,https://assets.fullscript.io/Product/BB0007/400_front.png,,"At Emerson Ecologics, every brand meets our elevated quality standards. But we don’t stop there. As an added layer of assurance, select products from popular or problematic categories are subjected to enhanced testing by independent third-party labs to confirm potency and purity claims, giving you more trust in the products you recommend. Brands cannot pay for inclusion in Enhanced Testing or to receive an “Enhanced Testing” badge, ensuring that decisions remain clinically-focused and unbiased.",2026-10-09 15:38:02
Emerson,,,,,USD,instock,1,https://emersonecologics.com/products/detail/Integrative-Therapeutics/cortisol-manager-90-tabs/U3ByZWU6OlByb2R1Y3QtNjI3OTc=/CM30,https://assets.fullscript.io/Product/IT0020/400_front.png,,"At Emerson Ecologics, every brand meets our elevated quality standards. But we don’t stop there. As an added layer of assurance, select products from popular or problematic categories are subjected to enhanced testing by independent third-party labs to confirm potency and purity claims, giving you more trust in the products you recommend. Brands cannot pay for inclusion in Enhanced Testing or to receive an “Enhanced Testing” badge, ensuring that decisions remain clinically-focused and unbiased.",2026-10-09 15:38:03
Emerson,,,,,USD,instock,1,https://emersonecologics.com/products/detail/Nordic-Naturals/pro-omega-coq10/U3ByZWU6OlByb2R1Y3QtNjQxMjY=/PROO7,https://assets.fullscript.io/Product/NO0053/400_front.png,,"*These statements have not been evaluated by the Food and Drug Administration. These products are not intended to diagnose, treat, cure, or prevent any disease.",2026-10-09 15:38:03
Emerson,,,,,USD,instock,1,https://emersonecologics.com/products/detail/Thorne/choleast-120-vegcaps/U3ByZWU6OlByb2R1Y3QtNzY2MzE=/T51045,https://assets.fullscript.io/Product/TH0230/400_front.png,,"At Emerson Ecologics, every brand meets our elevated quality standards. But we don’t stop there. As an added layer of assurance, select products from popular or problematic categories are subjected to enhanced testing by independent third-party labs to confirm potency and purity claims, giving you more trust in the products you recommend. Brands cannot pay for inclusion in Enhanced Testing or to receive an “Enhanced Testing” badge, ensuring that decisions remain clinically-focused and unbiased.",2026-10-09 15:38:03
Emerson,,,,,USD,instock,1,https://emersonecologics.com/products/detail/Pure-Encapsulations/epa-slash-dha-essentials-1000-mg-180-gels/U3ByZWU6OlByb2R1Y3QtNzAyOTY=/EPA15,https://assets.fullscript.io/Product/PU0267/400_front.png,,"*These statements have not been evaluated by the Food and Drug Administration. These products are not intended to diagnose, treat, cure, or prevent any disease.",2026-10-09 15:38:04
Emerson,,,,,USD,instock,1,https://emersonecologics.com/products/detail/Quicksilver-Scientific/glutathione-liposomal-1-7oz/U3ByZWU6OlByb2R1Y3QtODM1MjY=/QSGSH01,https://assets.fullscript.io/Product/QS0008/400_front.png,,"At Emerson Ecologics, every brand meets our elevated quality standards. But we don’t stop there. As an added layer of assurance, select products from popular or problematic categories are subjected to enhanced testing by independent third-party labs to confirm potency and purity claims, giving you more trust in the products you recommend. Brands cannot pay for inclusion in Enhanced Testing or to receive an “Enhanced Testing” badge, ensuring that decisions remain clinically-focused and unbiased.",2026-10-09 15:38:04
Emerson,,,,,USD,instock,1,https://emersonecologics.com/products/detail/Pure-Encapsulations/ashwagandha-500-mg-120-vcaps/U3ByZWU6OlByb2R1Y3QtNjk5MDk=/ASH12,https://assets.fullscript.io/Product/PU0489/400_front.png,,"*These statements have not been evaluated by the Food and Drug Administration. These products are not intended to diagnose, treat, cure, or prevent any disease.",2026-10-09 15:38:04
Emerson,,,,,USD,instock,1,https://emersonecologics.com/products/detail/Microbiome-Labs/megasporebiotic-60c/U3ByZWU6OlByb2R1Y3QtOTEwMDA=/M23237,https://assets.fullscript.io/Product/MB0007/400_front.png,,"At Emerson Ecologics, every brand meets our elevated quality standards. But we don’t stop there. As an added layer of assurance, select products from popular or problematic categories are subjected to enhanced testing by independent third-party labs to confirm potency and purity claims, giving you more trust in the products you recommend. Brands cannot pay for inclusion in Enhanced Testing or to receive an “Enhanced Testing” badge, ensuring that decisions remain clinically-focused and unbiased.",2026-10-09 15:38:05
Emerson,,,,,USD,instock,1,https://emersonecologics.com/products/detail/Metagenics/omegagenics-epa-dha-1000-120-softgels/U3ByZWU6OlByb2R1Y3QtNzc5NjA=/M38725,https://assets.fullscript.io/Product/MI0175/400_front.png,,"*These statements have not been evaluated by the Food and Drug Administration. These products are not intended to diagnose, treat, cure, or prevent any disease.",2026-10-09 15:38:05
Emerson,,,,,USD,instock,1,https://emersonecologics.com/products/detail/Thorne/creatine/U3ByZWU6OlByb2R1Y3QtODI3MTE=/T06350,https://assets.fullscript.io/Product/TH0411/400_front.png,,"At Emerson Ecologics, every brand meets our elevated quality standards. But we don’t stop there. As an added layer of assurance, select products from popular or problematic categories are subjected to enhanced testing by independent third-party labs to confirm potency and purity claims, giving you more trust in the products you recommend. Brands cannot pay for inclusion in Enhanced Testing or to receive an “Enhanced Testing” badge, ensuring that decisions remain clinically-focused and unbiased.",2026-10-09 15:38:05
Emerson,,,,,USD,instock,1,https://emersonecologics.com/products/detail/Nordic-Naturals/proomega-2000/U3ByZWU6OlByb2R1Y3QtNzg5Mjk=/N21388,https://assets.fullscript.io/Product/NO0117/400_front.png,,"At Emerson Ecologics, every brand meets our elevated quality standards. But we don’t stop there. As an added layer of assurance, select products from popular or problematic categories are subjected to enhanced testing by independent third-party labs to confirm potency and purity claims, giving you more trust in the products you recommend. Brands cannot pay for inclusion in Enhanced Testing or to receive an “Enhanced Testing” badge, ensuring that decisions remain clinically-focused and unbiased.",2026-10-09 15:38:06
Emerson,,,,,USD,instock,1,https://emersonecologics.com/products/detail/Microbiome-Labs/total-gut-restoration-kit-1/U3ByZWU6OlByb2R1Y3QtOTk2NjE=/MB0043,https://assets.fullscript.io/Product/MB0043/400_front.png,,"*These statements have not been evaluated by the Food and Drug Administration. These products are not intended to diagnose, treat, cure, or prevent any disease.",2026-10-09 15:38:06
Emerson,,,,,USD,instock,1,https://emersonecologics.com/products/detail/Klaire-Labs-SFI-Health/saccharomyces-bourlardii-120-vcaps/U3ByZWU6OlByb2R1Y3QtNzE3MTU=/SACC2,https://assets.fullscript.io/Product/VI0080/400_front.png,,"At Emerson Ecologics, every brand meets our elevated quality standards. But we don’t stop there. As an added layer of assurance, select products from popular or problematic categories are subjected to enhanced testing by independent third-party labs to confirm potency and purity claims, giving you more trust in the products you recommend. Brands cannot pay for inclusion in Enhanced Testing or to receive an “Enhanced Testing” badge, ensuring that decisions remain clinically-focused and unbiased.",2026-10-09 15:38:07
Emerson,,,,,USD,instock,1,https://emersonecologics.com/products/detail/Body-Bio/tudca/U3ByZWU6OlByb2R1Y3QtOTM5Mjc=/B25742,https://assets.fullscript.io/Product/BB0055/400_front.png,,"At Emerson Ecologics, every brand meets our elevated quality standards. But we don’t stop there. As an added layer of assurance, select products from popular or problematic categories are subjected to enhanced testing by independent third-party labs to confirm potency and purity claims, giving you more trust in the products you recommend. Brands cannot pay for inclusion in Enhanced Testing or to receive an “Enhanced Testing” badge, ensuring that decisions remain clinically-focused and unbiased.",2026-10-09 15:38:07
Emerson,,,,,USD,instock,1,https://emersonecologics.com/products/detail/Biocidin-Botanicals/biocidin-90-caps/U3ByZWU6OlByb2R1Y3QtNjQxNzI=/ACAP,https://assets.fullscript.io/Product/BBR002/400_front.png,,"*These statements have not been evaluated by the Food and Drug Administration. These products are not intended to diagnose, treat, cure, or prevent any disease.",2026-10-09 15:38:07
Emerson,,,,,USD,instock,1,https://emersonecologics.com/products/detail/Seed/ds-01-daily-synbiotic/U3ByZWU6OlByb2R1Y3QtMTAwNTg4/SE1644,https://assets.fullscript.io/Product/SED001/400_front.png,,"At Emerson Ecologics, every brand meets our elevated quality standards. But we don’t stop there. As an added layer of assurance, select products from popular or problematic categories are subjected to enhanced testing by independent third-party labs to confirm potency and purity claims, giving you more trust in the products you recommend. Brands cannot pay for inclusion in Enhanced Testing or to receive an “Enhanced Testing” badge, ensuring that decisions remain clinically-focused and unbiased.",2026-10-09 15:38:07
Emerson,,,,,USD,instock,1,https://emersonecologics.com/products/detail/Metagenics/omegagenics-epa-dha-720-60gels/U3ByZWU6OlByb2R1Y3QtNjI5NTU=/EPA32,https://assets.fullscript.io/Product/MI0187/400_front.png,,"*These statements have not been evaluated by the Food and Drug Administration. These products are not intended to diagnose, treat, cure, or prevent any disease.",2026-10-09 15:38:08
Emerson,,,,,USD,instock,1,https://emersonecologics.com/products/detail/Integrative-Therapeutics/zinc-carnosine-60-vcaps/U3ByZWU6OlByb2R1Y3QtNzMzNDU=/IT10033,https://assets.fullscript.io/Product/IT0091/400_front.png,,"At Emerson Ecologics, every brand meets our elevated quality standards. But we don’t stop there. As an added layer of assurance, select products from popular or problematic categories are subjected to enhanced testing by independent third-party labs to confirm potency and purity claims, giving you more trust in the products you recommend. Brands cannot pay for inclusion in Enhanced Testing or to receive an “Enhanced Testing” badge, ensuring that decisions remain clinically-focused and unbiased.",2026-10-09 15:38:08
Emerson,,,,,USD,instock,1,https://emersonecologics.com/products/detail/Integrative-Therapeutics/berberine-60-vegcaps/U3ByZWU6OlByb2R1Y3QtNzc3ODc=/I07113,https://assets.fullscript.io/Product/IT0107/400_front.png,,"At Emerson Ecologics, every brand meets our elevated quality standards. But we don’t stop there. As an added layer of assurance, select products from popular or problematic categories are subjected to enhanced testing by independent third-party labs to confirm potency and purity claims, giving you more trust in the products you recommend. Brands cannot pay for inclusion in Enhanced Testing or to receive an “Enhanced Testing” badge, ensuring that decisions remain clinically-focused and unbiased.",2026-10-09 15:38:09
Emerson,,,,,USD,instock,1,https://emersonecologics.com/products/detail/Pure-Encapsulations/nac-600-mg-360-vcaps/U3ByZWU6OlByb2R1Y3QtNzE3NDA=/NACE5,https://assets.fullscript.io/Product/PU0189/400_front.png,,"At Emerson Ecologics, every brand meets our elevated quality standards. But we don’t stop there. As an added layer of assurance, select products from popular or problematic categories are subjected to enhanced testing by independent third-party labs to confirm potency and purity claims, giving you more trust in the products you recommend. Brands cannot pay for inclusion in Enhanced Testing or to receive an “Enhanced Testing” badge, ensuring that decisions remain clinically-focused and unbiased.",2026-10-09 15:38:09
Emerson,,,,,USD,instock,1,https://emersonecologics.com/products/detail/Body-Bio/bodybio-pc-r-16-oz/U3ByZWU6OlByb2R1Y3QtNTg4Njk=/PHO42,https://assets.fullscript.io/Product/BB0009/400_front.png,,"*These statements have not been evaluated by the Food and Drug Administration. These products are not intended to diagnose, treat, cure, or prevent any disease.",2026-10-09 15:38:09
Emerson,,,,,USD,instock,1,https://emersonecologics.com/products/detail/Tomorrows-Nutrition/tomorrow-s-nutrition-pro-sunfiber-217g/U3ByZWU6OlByb2R1Y3QtOTA1ODU=/TM4020,https://assets.fullscript.io/Product/SF0001/400_front.png,,"At Emerson Ecologics, every brand meets our elevated quality standards. But we don’t stop there. As an added layer of assurance, select products from popular or problematic categories are subjected to enhanced testing by independent third-party labs to confirm potency and purity claims, giving you more trust in the products you recommend. Brands cannot pay for inclusion in Enhanced Testing or to receive an “Enhanced Testing” badge, ensuring that decisions remain clinically-focused and unbiased.",2026-10-09 15:38:10
Emerson,,,,,USD,instock,1,https://emersonecologics.com/products/detail/Microbiome-Labs/megaigg2000-120c/U3ByZWU6OlByb2R1Y3QtOTA5OTU=/M75496,https://assets.fullscript.io/Product/MB0002/400_front.png,,"At Emerson Ecologics, every brand meets our elevated quality standards. But we don’t stop there. As an added layer of assurance, select products from popular or problematic categories are subjected to enhanced testing by independent third-party labs to confirm potency and purity claims, giving you more trust in the products you recommend. Brands cannot pay for inclusion in Enhanced Testing or to receive an “Enhanced Testing” badge, ensuring that decisions remain clinically-focused and unbiased.",2026-10-09 15:38:10
